Value,Reference,Datasheet,Footprint,Qty,DNP,#,CREATOR,DUPLICATE,DigiKey_Part_Number,IMAX,MANUFACTURER,MAXIMUM_PACKAGE_HEIGHT,MF,MP,PARTREV,Package,STANDARD,Sim.Device,Sim.Pins,SnapEDA_Link,Tolerance,VERIFIER,VR,Vf,Vmax,Vz,Description,Exclude from BOM,Exclude from Board,VDS,JLCPCB Part #
Buzzer,BZ1,,Buzzer_Beeper:Buzzer_Murata_PKMCS0909E,1,,1,,,,,,,,,,,,,,,,,,,,,"Buzzer, polarized",,,,
4.7uF,"C1,C2,C59,C68,C69,C163,C164",,Capacitor_SMD:C_1206_3216Metric,7,,2,,,,,,,,,,,,,,,,,,,50V,,"4.7uF 50V X7R ±10% 1206 Capacitor,GRM21BZ71H475ME15K",,,,C29823
100nF,"C3,C4,C6,C9,C11,C14,C15,C16,C21,C22,C23,C28,C29,C30,C42,C43,C44,C45,C46,C47,C49,C51,C53,C54,C55,C56,C57,C58,C67,C70,C71,C72,C73,C74,C75,C76,C77,C81,C85,C87,C91,C94,C100,C102,C105,C106,C107,C108,C113,C114,C117,C118,C119,C120,C125,C126,C129,C131,C132,C134,C136,C137,C139,C141,C142,C144,C146,C148,C149,C150,C152,C154,C156,C157,C158,C160,C162,C165,C168,C169",,Capacitor_SMD:C_0402_1005Metric,80,,3,,,,,,,,,,,,,,,,,,,50V,,100nF 50V X7R ±10% 0402 Capacitor,,,,C307331
1uF,"C5,C10,C38,C39,C48,C60,C61,C66,C78,C86,C90,C93,C99",,Capacitor_SMD:C_0805_2012Metric,13,,4,,,,,,,,,,,,,,,,,,,50V,,1uF 50V X7R ±10% 0805 Capacitor,,,,C28323
47nF,"C7,C95",,Capacitor_SMD:C_0603_1608Metric,2,,5,,,,,,,,,,,,,,,,,,,50V,,47nF 50V X7R ±10% 0603 Capacitor,,,,C1622
10nF,"C8,C62,C96,C109,C110,C111,C112,C121,C122,C123,C124",,Capacitor_SMD:C_0603_1608Metric,11,,6,,,,,,,,,,,,,,,,,,,50V,,10nF 50V X7R ±10% 0603 Capacitor,,,,C57112
10uF,"C12,C13,C19,C20,C26,C27,C37,C40,C41,C65,C80,C82,C89,C101,C103,C104,C115,C116,C128,C133,C135,C138,C143,C145,C147,C151,C153,C155,C159,C161,C166,C167",,"Capacitor_SMD:C_0805_2012Metric,Capacitor_Tantalum_SMD:CP_EIA-7343-31_Kemet-D",32,,7,,,,,,,,,,,,,,,,,,,"16V,50V",,"10uF 16V X7R ±10% 0805 Capacitor,10uF 50V 800mΩ@100kHz ±10% Tantalum Capacitors",,,,"C89596,C95841"
22uF,"C17,C18,C24,C25,C31,C32,C130,C140",,Capacitor_Tantalum_SMD:CP_EIA-7343-31_Kemet-D,8,,8,,,,,,,,,,,,,,,,,,,35V,,22uF 35V 900mΩ@100kHz ±10% Tantalum Capacitor,,,,C7225
220pF,"C33,C34,C35,C36",,Capacitor_SMD:C_0603_1608Metric,4,,9,,,,,,,,,,,,,,,,,,,50V,,220pF 50V X7R ±10% 0603 Capacitor,,,,C1603
20pF,"C50,C52",,Capacitor_SMD:C_0402_1005Metric,2,,10,,,,,,,,,,,,,,,,,,,50V,,20pF 50V C0G ±5% 0402 Capacitor,,,,C1554
10pF,"C63,C64",,Capacitor_SMD:C_0402_1005Metric,2,,11,,,,,,,,,,,,,,,,,,,50V,,10pF 50V C0G ±5% 0402 Capacitor,,,,C32949
10uF,"C83,C84",,Capacitor_SMD:C_0805_2012Metric,2,DNP,12,,,,,,,,,,,,,,,,,,,16V,,10uF 16V X7R ±10% 0805 Capacitor,,,,C95841
1nF,C88,,Capacitor_SMD:C_0402_1005Metric,1,,13,,,,,,,,,,,,,,,,,,,50V,,1nF 50V X7R ±10% 0402 Capacitor,,,,C1523
47uF,C92,,Capacitor_SMD:CP_Elec_6.3x5.4,1,,14,,,,,,,,,,,,,,,,,,,35V,,35V 47uF Aluminum Electrolytic Capacitor,,,,C3344
220uF,"C97,C98",,Capacitor_SMD:CP_Elec_8x10.5,2,,15,,,,,,,,,,,,,,,,,,,35V,,35V 220uF Aluminum Electrolytic Capacitor,,,,C3340
SMAJ24A,"D1,D2",,Diode_SMD:D_SMA,2,,16,,,,,,,,,,,,,,,,,24V,,,,TVS DIODE 24VWM 38.9VC DO214AC,,,,C10769
SMAT70A-13-F,"D3,D4",,Diode_SMD:D_SMA,2,,17,,,,,,,,,,,,,,,,,70V,,,,100V Clamp 3.5A Ipp Tvs Diode Surface Mount SMA,,,,C135026
MMSZ5245B,"D5,D6,D29",,Diode_SMD:D_SOD-123,3,,18,,,,,,,,,,,,,,,,,,,,15V,MMSZ5245B-7-F,,,,C129730
RED,"D7,D8,D9,D10,D25,D26,D27,D28,D30,D45,D46",,LED_SMD:LED_0603_1608Metric,11,,19,,,,,,,,,,,,,1=K 2=A,,,,,2V,,,KT-0603R Red LED,,,,C2286
ESD441,"D11,D12,D13,D14,D15",,footprints:X2SON2_DPL_TEX,5,,20,,,,,,,,,,,,,,,,,5.5V,,,,0.9pF 3.6V ±30kV ESD protection diode with 6.8V 16A TLP clamping for USB 2.0,,,,C22427765
WHITE,"D16,D17,D18,D19,D20",,LED_SMD:LED_0603_1608Metric,5,,21,,,,,,,,,,,,,1=K 2=A,,,,,2V,,,"KT-0603R Red LED,KT-0603R White LED",,,,C2290
MBR0520LT,"D21,D22",http://www.onsemi.com/pub_link/Collateral/MBR0520LT1-D.PDF,Diode_SMD:D_SOD-123,2,,22,,,,,,,,,,,,,,,,,20V,,,,"20V 0.5A Schottky Power Rectifier Diode, SOD-123",,,,
SM712_SOT23,"D23,D24",https://www.littelfuse.com/~/media/electronics/datasheets/tvs_diode_arrays/littelfuse_tvs_diode_array_sm712_datasheet.pdf.pdf,Package_TO_SOT_SMD:SOT-23,2,,23,,,,,,,,,,,,,,,,,,,,,"7V/12V, 600W Asymmetrical TVS Diode Array, SOT-23",,,,C32677
1N4148WS,D31,https://www.vishay.com/docs/85748/1n4148w.pdf,Diode_SMD:D_SOD-123,1,,24,,,,,,,,,,,,D,1=K 2=A,,,,100V,,,,"75V 0.15A Fast Switching Diode, SOD-123",,,1N4148W,D28
SMBJ20A,D32,,Diode_SMD:D_SMB,1,,25,,,,,,,,,,,,,,,,,20V,,,,Schottky diode,,,,C10213
TPD2E007,"D33,D34,D35,D36,D37,D38,D39,D40,D41,D42,D43,D44",,Package_TO_SOT_SMD:SOT-323_SC-70,12,,26,,,,,,,,,,,,,,,,,,,,,"Bidirectional dual transient-voltage-suppression diode, center on pin 3",,,,C464811
297020,F1,,Fuse:Fuseholder_Blade_Mini_Keystone_3568,1,,27,,,,,,,,,,,,,,,,,,,,,Blade Fuse - 0297020,,,,C5249699
120R,"FB1,FB2,FB3,FB4",,Inductor_SMD:L_0603_1608Metric,4,,28,,,,,,,,,,,,,,,,,,,,,120Ω@100MHz 2A 50mΩ ±25% 0603 Ferrite Bead,,,,C14709
WE-SHC_ONE-PIECE,H1,,footprints:WE-SHC_ONE-PIECE_36903255S,1,DNP,29,,,,,,,,,,,,,,,,,,,,,,,,,
XT-60,"J1,J15",,Connector_AMASS:AMASS_XT60-M_1x02_P7.20mm_Vertical,2,,30,,,,,,,,,,,,,,,,,,,,,"Generic connector, single row, 01x02, script generated",,,Conn_01x02_Pin,"J10,J2"
RAPC722X,J2,,footprints:SWITCHCRAFT_RAPC722X,1,,31,,,SC1313-ND,,Switchcraft,11 mm,Switchcraft Inc.,RAPC722X,A,None,Manufacturer Recommendations,,,https://www.snapeda.com/parts/RAPC722X/SWITCHCRAFT/view-part/?ref=snap,,,,,,,,,,RAPC722X,J1
01x02_PinHeader,"J3,J5,J6,J7",,Connector_PinHeader_2.54mm:PinHeader_1x02_P2.54mm_Vertical,4,,32,,,,,,,,,,,,,,,,,,,,,"Generic connector, single row, 01x02, script generated",,,,
B2B-XH-A,"J4,J25,J26",,Connector_JST:JST_XH_B2B-XH-A_1x02_P2.50mm_Vertical,3,,33,,,,,,,,,,,,,,,,,,,,,"Generic connector, single row, 01x02, script generated",,,,C131337
GSB1C41110SSHR,J8,,footprints:AMPHENOL_GSB1C41110SSHR,1,,34,,,,,Amphenol,3.21mm,,,AX1,,Manufacturer Recommendations,,,,,,,,,,,,,,
Conn_ST_STDC14,J9,https://www.st.com/content/ccc/resource/technical/document/user_manual/group1/99/49/91/b6/b2/3a/46/e5/DM00526767/files/DM00526767.pdf/jcr:content/translations/en.DM00526767.pdf,Connector_PinHeader_1.27mm:PinHeader_2x07_P1.27mm_Vertical,1,,35,,,,,,,,,,,,,,,,,,,,,"ST Debug Connector, standard ARM Cortex-M SWD and JTAG interface plus UART",,,,
DM3AT-SF-PEJM5,J10,https://www.hirose.com/en/product/document?clcode=&productname=&series=DM3&documenttype=Catalog&lang=en&documentid=D49662_en,Connector_Card:microSD_HC_Hirose_DM3AT-SF-PEJM5,1,,36,,,,,,,,,,,,,,,,,,,,,Micro SD Card Socket with two card detection pins,,,,J5
436500415,J11,,Connector_Molex:Molex_Micro-Fit_3.0_43650-0415_1x04_P3.00mm_Vertical,1,,37,,,,,,,,,,,,,,,,,,,,,"Generic connector, single row, 01x04, script generated (kicad-library-utils/schlib/autogen/connector/)",,,,
B3B-XH-A,J12,,Connector_JST:JST_XH_B3B-XH-A_1x03_P2.50mm_Vertical,1,,38,,,,,,,,,,,,,,,,,,,,,"Generic connector, single row, 01x03, script generated (kicad-library-utils/schlib/autogen/connector/)",,,,
02x04_PinHeader,J13,,Connector_PinHeader_2.54mm:PinHeader_2x04_P2.54mm_Vertical,1,,39,,,,,,,,,,,,,,,,,,,,,"Generic connector, double row, 02x04, odd/even pin numbering scheme (row 1 odd numbers, row 2 even numbers), script generated (kicad-library-utils/schlib/autogen/connector/)",,,,
SMA,J14,,Connector_Coaxial:SMA_Amphenol_132134-11_Vertical,1,,40,,,,,,,,,,,,,,,,,,,,,"coaxial connector (BNC, SMA, SMB, SMC, Cinch/RCA, LEMO, ...)",,,Conn_Coaxial,J9
B4B-XH-A,"J16,J19,J20",,Connector_JST:JST_XH_B4B-XH-A_1x04_P2.50mm_Vertical,3,,41,,,,,,,,,,,,,,,,,,,,,"Generic connector, single row, 01x04, script generated",,,,
1x2 Screw Terminal,"J17,J18",,"TerminalBlock_Phoenix:TerminalBlock_Phoenix_MKDS-1,5-2-5.08_1x02_P5.08mm_Horizontal",2,,42,,,,,,,,,,,,,,,,,,,,,"Generic screw terminal, single row, 01x02, script generated (kicad-library-utils/schlib/autogen/connector/)",,,,
B5B-XH-A,"J21,J22,J23,J24",,Connector_JST:JST_XH_B5B-XH-A_1x05_P2.50mm_Vertical,4,,43,,,,,,,,,,,,,,,,,,,,,"Generic connector, single row, 01x05, script generated",,,,J17
61202021721,J27,,Connector_IDC:IDC-Header_2x10_P2.54mm_Horizontal,1,,44,,,,,,,,,,,,,,,,,,,,,"Generic connector, double row, 02x10, odd/even pin numbering scheme (row 1 odd numbers, row 2 even numbers), script generated (kicad-library-utils/schlib/autogen/connector/)",,,,
61200621721,J28,,Connector_IDC:IDC-Header_2x03_P2.54mm_Horizontal,1,,45,,,,,,,,,,,,,,,,,,,,,"Generic connector, double row, 02x03, odd/even pin numbering scheme (row 1 odd numbers, row 2 even numbers), script generated (kicad-library-utils/schlib/autogen/connector/)",,,,
9242206824,J29,,Connector_PinSocket_2.54mm:PinSocket_2x10_P2.54mm_Vertical,1,,46,,,,,,,,,,,,,,,,,,,,,"Generic connector, double row, 02x10, odd/even pin numbering scheme (row 1 odd numbers, row 2 even numbers), script generated (kicad-library-utils/schlib/autogen/connector/)",,,,
J107F1CS205VDC.45,K1,http://www.sanyourelay.ca/public/products/pdf/SRD.pdf,Relay_THT:Relay_SPDT_SANYOU_SRD_Series_Form_C,1,,47,,,,20A,,,,,,,,,,,,,,,,,"Sanyo SRD relay, Single Pole Miniature Power Relay,",,,,K1
15uH,L1,,Inductor_SMD:L_Coilcraft_XAL6060-XXX,1,,48,,,,5.8A,,,,,,,,,,,,,,,,,XAL6060-153,,,,C19191628
10uH,L2,,Inductor_SMD:L_Coilcraft_XAL6060-XXX,1,,49,,,,7.6A,,,,,,,,,,,,,,,,,XAL6060-103MEC,,,,C5329540
3.3uH,"L3,L4,L5,L6,L7",,"Inductor_SMD:L_0603_1608Metric,Inductor_SMD:L_Coilcraft_XAL6030-XXX",5,,50,,,,"12.2A,30mA",,,,,,,,,,,,,,,,,"3.3uH 30mA 35@10MHz 550mΩ 65MHz ±5% 0603 Inductors,XAL6030-332MEC",,,,"C19191620,C275346"
AO3400A,"Q1,Q2,Q7,Q8,Q9,Q10,Q11,Q13,Q14,Q19,Q20",http://www.aosmd.com/pdfs/datasheet/AO3400A.pdf,Package_TO_SOT_SMD:SOT-23,11,,51,,,,,,,,,,,,,,,,,,,,,"30V Vds, 5.7A Id, N-Channel MOSFET, SOT-23",,,30V,C20917
SiR882ADP,"Q3,Q4,Q5,Q6",,Package_SO:PowerPAK_SO-8_Single,4,,52,,,,,,,,,,,,,,,,,,,,,"N-Channel 100 V 60A (Tc) 5.4W (Ta), 83W (Tc) Surface Mount PowerPAK® SO-8",,,100V,C553986
STD52P3LLH6,Q12,,Package_TO_SOT_SMD:TO-252-2,1,,53,,,,,,,,,,,,,,,,,,,,,STD52P3LLH6,,,30V,C5342409
SS8550,"Q15,Q16,Q17,Q18",http://www.secosgmbh.com/datasheet/products/SSMPTransistor/SOT-23/SS8550.pdf,Package_TO_SOT_SMD:SOT-23,4,,54,,,,,,,,,,,,,,,,,,,,,"General Purpose PNP Transistor, 1.5A Ic, 25V Vce, SOT-23",,,,C8542
10k,"R1,R23,R34,R53,R73,R92,R103,R105,R107,R109,R110,R115,R120,R125,R128,R131,R143,R154,R161,R168,R173",,Resistor_SMD:R_0603_1608Metric,21,,55,,,,,,,,,,,,,,,1%,,,,,,10k 1% 0603 Resistor,,,,C25804
1k,"R2,R4,R8,R9,R12,R15,R25,R50,R98,R99,R100,R101,R133,R144,R145,R155,R162",,Resistor_SMD:R_0603_1608Metric,17,,56,,,,,,,,,,,,,,,1%,,,,,,"1k 1% 0603 Resistor,CRCW0402100RFKED",,,,C21190
100k,"R3,R5,R6,R7,R10,R13,R70,R127,R141",,"Capacitor_SMD:C_0603_1608Metric,Resistor_SMD:R_0603_1608Metric",9,,57,,,,,,,,,,,,,,,1%,,,,,,100k 1% 0603 Resistor,,,,C25803
15k,"R11,R14,R17,R56,R106",,Resistor_SMD:R_0603_1608Metric,5,,58,,,,,,,,,,,,,,,1%,,,,,,15k 1% 0603 Resistor,,,,C22809
68k,"R16,R31,R43,R122",,Resistor_SMD:R_0603_1608Metric,4,,59,,,,,,,,,,,,,,,1%,,,,,,68k 1% 0603 Resistor,,,,C13167
51k,"R18,R39",,Resistor_SMD:R_0603_1608Metric,2,,60,,,,,,,,,,,,,,,1%,,,,,,51k 1% 0603 Resistor,,,,C23196
1M,"R19,R75,R121",,Resistor_SMD:R_0603_1608Metric,3,,61,,,,,,,,,,,,,,,1%,,,,,,1M 1% 0603 Resistor,,,,C22935
0,"R20,R47,R51,R62,R63,R64,R65,R113,R123",,"Resistor_SMD:R_0603_1608Metric,Resistor_SMD:R_1206_3216Metric",9,,62,,,,,,,,,,,,,,,1%,,,,,,0 1% 0603 Resistor,,,,"C17888,C21189"
0,"R21,R42,R48,R49,R82,R83,R84,R87,R124",,Resistor_SMD:R_0603_1608Metric,9,DNP,63,,,,,,,,,,,,,,,1%,,,,,,0 1% 0603 Resistor,,,,C21189
9.1k,"R22,R38,R130",,Resistor_SMD:R_0603_1608Metric,3,,64,,,,,,,,,,,,,,,1%,,,,,,9.1k 1% 0603 Resistor,,,,C23260
300,R24,,Resistor_SMD:R_0603_1608Metric,1,,65,,,,,,,,,,,,,,,1%,,,,,,300 1% 0603 Resistor,,,,C23025
20k,"R26,R33,R37,R52,R157,R164,R169,R174",,Resistor_SMD:R_0603_1608Metric,8,,66,,,,,,,,,,,,,,,1%,,,,,,20k 1% 0603 Resistor,,,,C4184
4.7k,"R27,R77,R79,R81,R86,R93,R94,R95,R96,R97,R184,R193",,Resistor_SMD:R_0603_1608Metric,12,,67,,,,,,,,,,,,,,,1%,,,,,,4.7k 1% 0603 Resistor,,,,C23162
2.7k,R28,,Resistor_SMD:R_0603_1608Metric,1,,68,,,,,,,,,,,,,,,1%,,,,,,2.7k 1% 0603 Resistor,,,,C13167
2.2k,"R29,R30,R40,R41,R46,R66,R67,R126,R129,R134,R137,R178,R179",,Resistor_SMD:R_0603_1608Metric,13,,69,,,,,,,,,,,,,,,1%,,,,,,2.2k 1% 0603 Resistor,,,,C4190
120k,R32,,Resistor_SMD:R_0603_1608Metric,1,,70,,,,,,,,,,,,,,,1%,,,,,,120k 1% 0603 Resistor,,,,C25808
47k,"R35,R45,R54,R55,R57,R58,R59,R60,R61,R76,R78,R80,R85,R135,R139,R142,R182,R183",,Resistor_SMD:R_0603_1608Metric,18,,71,,,,,,,,,,,,,,,1%,,,,,,47k 1% 0603 Resistor,,,,C25819
220k,R36,,Resistor_SMD:R_0603_1608Metric,1,,72,,,,,,,,,,,,,,,1%,,,,,,220k 1% 0603 Resistor,,,,C22961
13k,R44,,Resistor_SMD:R_0603_1608Metric,1,,73,,,,,,,,,,,,,,,1%,,,,,,13k 1% 0603 Resistor,,,,C22797
5.1k,"R68,R69",,Resistor_SMD:R_0603_1608Metric,2,,74,,,,,,,,,,,,,,,1%,,,,,,5.1k 1% 0603 Resistor,,,,C23186
200k,R71,,Resistor_SMD:R_0603_1608Metric,1,,75,,,,,,,,,,,,,,,1%,,,,,,200k 1% 0603 Resistor,,,,C25811
390,R72,,Resistor_SMD:R_0603_1608Metric,1,,76,,,,,,,,,,,,,,,1%,,,,,,390 1% 0603 Resistor,,,,C23151
100,"R74,R132,R136,R138,R146,R147,R148,R149,R150,R151,R152,R153,R159,R160,R166,R167,R171,R172,R176,R177,R180,R181,R185,R186,R187,R188,R189,R190,R191,R192",,Resistor_SMD:R_0603_1608Metric,30,,77,,,,,,,,,,,,,,,1%,,,,,,100 1% 0603 Resistor,,,,C22775
22,"R88,R89,R90,R91",,Resistor_SMD:R_0603_1608Metric,4,,78,,,,,,,,,,,,,,,1%,,,,,,22 1% 0603 Resistor,,,,C23345
6.8k,"R102,R104",,Resistor_SMD:R_0603_1608Metric,2,,79,,,,,,,,,,,,,,,1%,,,,,,6.8k 1% 0603 Resistor,,,,C23212
49.9k,R108,,Resistor_SMD:R_0603_1608Metric,1,,80,,,,,,,,,,,,,,,1%,,,,,,49.9kk 1% 0603 Resistor,,,,C23184
10,"R111,R112",,Resistor_SMD:R_0402_1005Metric,2,,81,,,,,,,,,,,,,,,1%,,,,,,10 1% 0402 Resistor,,,,C25077
120,"R114,R116,R117,R118,R119",,Resistor_SMD:R_0402_1005Metric,5,,82,,,,,,,,,,,,,,,1%,,,,,,120 1% 0402 Resistor,,,,C25079
510k,R140,,Resistor_SMD:R_0603_1608Metric,1,,83,,,,,,,,,,,,,,,1%,,,,,,510k 1% 0603 Resistor,,,,C23192
150,"R156,R163",,Resistor_SMD:R_0603_1608Metric,2,,84,,,,,,,,,,,,,,,1%,,,,,,150 1% 0603 Resistor,,,,C22808
8.2k,"R158,R165,R170,R175",,Resistor_SMD:R_0603_1608Metric,4,,85,,,,,,,,,,,,,,,1%,,,,,,8.2k 1% 0603 Resistor,,,,C25981
SW_SPDT,SW1,,Button_Switch_THT:SW_Slide_SPDT_Straight_CK_OS102011MS2Q,1,,86,,,,,,,,,,,,,,,,,,,,,"Switch, single pole double throw",,,,
SW_Push,SW2,,Button_Switch_SMD:SW_Push_SPST_NO_Alps_SKRK,1,,87,,,,,,,,,,,,,,,,,,,,,"Push button switch, generic, two pins",,,,C115357
TestPoint,"TP1,TP2,TP3,TP4,TP5,TP6,TP7,TP8,TP9,TP10,TP11,TP12,TP13,TP14,TP15,TP16,TP17,TP18,TP19,TP20,TP21,TP22,TP23,TP24,TP25,TP26,TP27,TP28,TP29,TP30,TP31,TP32,TP33,TP34,TP35,TP36,TP37,TP38,TP39,TP40,TP41,TP42,TP43,TP44,TP45,TP46,TP47,TP48,TP49,TP50,TP51,TP52,TP53,TP54,TP55",,TestPoint:TestPoint_Pad_D2.0mm,55,,88,,,,,,,,,,,,,,,,,,,,,test point,,,TestPoint,"TP1,TP10,TP11,TP12,TP13,TP14,TP15,TP2,TP24,TP25,TP29,TP3,TP30,TP31,TP32,TP33,TP4,TP5,TP50,TP56,TP57,TP58,TP59,TP6,TP60,TP61,TP62,TP63,TP64,TP65,TP66,TP67,TP68,TP69,TP7,TP70,TP71,TP72,TP75,TP76,TP8,TP9"
750315371,TR1,https://www.we-online.com/catalog/datasheet/750315371.pdf,Transformer_SMD:Transformer_Wuerth_750315371,1,,89,,,,,,,,,,,,,,,,,,,,,"5V, 1A , 320 - 480kHz, 1:1.1, Center Tapped, SMD",,,,
LTC4359-MS8,"U1,U2",https://www.analog.com/media/en/technical-documentation/data-sheets/ltc4359.pdf,Package_SO:MSOP-8_3x3mm_P0.65mm,2,,90,,,,,,,,,,,,,,,,,,,,,"Ideal diode controller with reverse input protection, MSOP-8",,,,C580870
TPS259830ONRGER,"U3,U24",,footprints:IC_TPS259830ONRGER,2,,91,ASHISH,TPS259830ONRGER,,,Texas Instruments,1.00mm,,,B,,Manufacturer Recommendations,,,,,,,,,,,,,,
TPS62933P,"U4,U5,U6",https://www.ti.com/lit/ds/symlink/tps62933.pdf,Package_TO_SOT_SMD:SOT-583-8,3,,92,,,,,,,,,,,,,,,,,,,,,"3.8-30V, 3A Synchronous Buck Converters with pulse frequency modulation (PFM) and power good, SOT583-8",,,,C5219254
TPS2116DRL,U7,https://www.ti.com/lit/ds/symlink/tps2116.pdf,Package_TO_SOT_SMD:SOT-583-8,1,,93,,,,,,,,,,,,,,,,,,,,,"2 Channnels Power Mux with Manual and Priority Switchover, 1.6-5.5V Input Voltage, 2.5A Output Current, Ron 40 mOhm, SOT-583-8",,,,C3235557
TPS22917DBV,"U8,U9,U10,U11",http://www.ti.com/lit/ds/symlink/tps22917.pdf,Package_TO_SOT_SMD:SOT-23-6,4,,94,,,,,,,,,,,,,,,,,,,,,"1V to 5.5V, 2A, 80mΩ Ultra-Low Leakage Load Switch, SOT23-6",,,,C2681320
AMS1117-3.3,U12,http://www.advanced-monolithic.com/pdf/ds1117.pdf,Package_TO_SOT_SMD:SOT-223-3_TabPin2,1,,95,,,,,,,,,,,,,,,,,,,,,"1A Low Dropout regulator, positive, 3.3V fixed output, SOT-223",,,,
STM32L496ZGT6,U13,https://www.st.com/resource/en/datasheet/stm32l496zg.pdf,Package_QFP:LQFP-144_20x20mm_P0.5mm,1,,96,,,,,,,,,,,,,,,,,,,,,"STMicroelectronics Arm Cortex-M4 MCU, 1024KB flash, 320KB RAM, 80 MHz, 1.71-3.6V, 115 GPIO, LQFP144",,,,C1337220
TPD6E05U06RVZ,"U14,U33,U34",https://www.ti.com/lit/ds/symlink/tpd1e05u06.pdf,Package_SON:Texas_R-PUSON-N14,3,,97,,,,,,,,,,,,,,,,,5.5V,,,,"6-Channel ESD Protection for Super-Speed USB 3.0 Interface, USON-14",,,,C962978
TMP102A,"U15,U16",https://www.ti.com/lit/ds/symlink/tmp102.pdf,Package_TO_SOT_SMD:SOT-563,2,,98,,,,,,,,,,,,,,,,,,,,,"Digital Temperature Sensor, ±3°C, low-Power, SMBus, 12 bit, Two-Wire Serial Interface, SOT-563",,,,C99269
ADS1115,U17,http://www.ti.com/lit/ds/symlink/ads1113.pdf,Package_SO:TSSOP-10_3x3mm_P0.5mm,1,,99,,,,,,,,,,,,,,,,,,,,,"Ultra-Small, Low-Power, I2C-Compatible, 860-SPS, 16-Bit ADCs With Internal Reference, Oscillator, and Programmable Comparator, VSSOP-10",,,,
74LVC1G17,U18,https://www.ti.com/lit/ds/symlink/sn74lvc1g17.pdf,Package_TO_SOT_SMD:SOT-23-5_HandSoldering,1,,100,,,,,,,,,,,,,,,,,,,,,"Single Schmitt Buffer Gate, Low-Voltage CMOS",,,,
SN6505BDBV,U19,http://www.ti.com/lit/ds/symlink/sn6505b.pdf,Package_TO_SOT_SMD:SOT-23-6,1,,101,,,,,,,,,,,,,,,,,,,,,"Low Noise, 1A, Transformer Drivers for Isolated Power Supplies, 420 kHz, SOT-23-6",,,,
ISO1450BDWR,U20,,footprints:SOIC127P1030X265-16N,1,,102,ANA,,,,Texas Instruments,2.65mm,,,H,,IPC-7351B,,,,,RODRIGO,,,,,,,,,
AMS1117-5.0,U21,http://www.advanced-monolithic.com/pdf/ds1117.pdf,Package_TO_SOT_SMD:SOT-223-3_TabPin2,1,DNP,103,,,,,,,,,,,,,,,,,,,,,"1A Low Dropout regulator, positive, 5.0V fixed output, SOT-223",,,,
TJA1051T-3,U22,http://www.nxp.com/docs/en/data-sheet/TJA1051.pdf,Package_SO:SOIC-8_3.9x4.9mm_P1.27mm,1,,104,,,,,,,,,,,,,,,,,,,,,"High-Speed CAN Transceiver, separate VIO, silent mode, SOIC-8",,,,C38695
RFM69HW,U23,https://www.hoperf.com/data/upload/portal/20181127/5bfcbb56f1fd7.pdf,RF_Module:HOPERF_RFM69HW,1,,105,,,,,,,,,,,,,,,,,,,,,"ISM Radio Transceiver Module, SPI interface",,,RFM69HW,U17
MAX31856,"U25,U26,U27,U28",https://datasheets.maximintegrated.com/en/ds/MAX31856.pdf,Package_SO:TSSOP-14_4.4x5mm_P0.65mm,4,,106,,,,,,,,,,,,,,,,,,,,,"Precision Thermocouple to Digital Converter with Linearization, TSSOP-14",,,,C2653162
HX711,"U29,U30,U31,U32",https://web.archive.org/web/20220615044707/https://akizukidenshi.com/download/ds/avia/hx711.pdf,Package_SO:SOIC-16_3.9x9.9mm_P1.27mm,4,,107,,,,,,,,,,,,,,,,,,,,,24-Bit Analog-to-Digital Converter (ADC) for Weight Scales,,,,C6705483
8MHz,Y1,,Crystal:Crystal_SMD_3225-4Pin_3.2x2.5mm,1,,108,,,,,,,,,,,,,,,,,,,,,"Four pin crystal, GND on pins 2 and 4",,,,C454610
32KHz,Y2,,Crystal:Crystal_SMD_3215-2Pin_3.2x1.5mm,1,,109,,,,,,,,,,,,,,,,,,,,,Two pin crystal,,,,C252344
,,,,509,,,,,,,,,,,,,,,,,,,,,,,,,,,
